{
  "id": "1342927",
  "name": "family",
  "font_family": "iconfont",
  "css_prefix_text": "icon-",
  "description": "",
  "glyphs": [
    {
      "icon_id": "424170",
      "name": "退出",
      "font_class": "tuichu",
      "unicode": "e7e3",
      "unicode_decimal": 59363
    },
    {
      "icon_id": "446731",
      "name": "首页",
      "font_class": "shouye",
      "unicode": "e62e",
      "unicode_decimal": 58926
    },
    {
      "icon_id": "503499",
      "name": "更新",
      "font_class": "iconfontgengxin",
      "unicode": "e62a",
      "unicode_decimal": 58922
    },
    {
      "icon_id": "605929",
      "name": "横",
      "font_class": "heng",
      "unicode": "e6ea",
      "unicode_decimal": 59114
    },
    {
      "icon_id": "689262",
      "name": "类目 品类 分类 类别",
      "font_class": "leimupinleifenleileibie",
      "unicode": "e7f9",
      "unicode_decimal": 59385
    },
    {
      "icon_id": "795980",
      "name": "更新时间",
      "font_class": "gengxinshijian",
      "unicode": "e608",
      "unicode_decimal": 58888
    },
    {
      "icon_id": "826097",
      "name": "登录",
      "font_class": "denglu",
      "unicode": "e603",
      "unicode_decimal": 58883
    },
    {
      "icon_id": "826161",
      "name": "推荐",
      "font_class": "tuijian",
      "unicode": "e636",
      "unicode_decimal": 58934
    },
    {
      "icon_id": "1133120",
      "name": "密码",
      "font_class": "mima",
      "unicode": "e619",
      "unicode_decimal": 58905
    },
    {
      "icon_id": "1490633",
      "name": "热点",
      "font_class": "redian",
      "unicode": "e651",
      "unicode_decimal": 58961
    },
    {
      "icon_id": "2120179",
      "name": "信息",
      "font_class": "xinxi",
      "unicode": "e63c",
      "unicode_decimal": 58940
    },
    {
      "icon_id": "2465996",
      "name": "显示器",
      "font_class": "xianshiqi",
      "unicode": "e605",
      "unicode_decimal": 58885
    },
    {
      "icon_id": "2815692",
      "name": "推荐",
      "font_class": "jian",
      "unicode": "e604",
      "unicode_decimal": 58884
    },
    {
      "icon_id": "3185528",
      "name": "问好",
      "font_class": "wenhao",
      "unicode": "e606",
      "unicode_decimal": 58886
    },
    {
      "icon_id": "3222076",
      "name": "加",
      "font_class": "jia",
      "unicode": "e69f",
      "unicode_decimal": 59039
    },
    {
      "icon_id": "3914568",
      "name": "消息",
      "font_class": "xiaoxi",
      "unicode": "e610",
      "unicode_decimal": 58896
    },
    {
      "icon_id": "3975551",
      "name": "播放",
      "font_class": "bofang",
      "unicode": "e6f0",
      "unicode_decimal": 59120
    },
    {
      "icon_id": "4229456",
      "name": "播放",
      "font_class": "bofang1",
      "unicode": "e621",
      "unicode_decimal": 58913
    },
    {
      "icon_id": "4636705",
      "name": "更新时间",
      "font_class": "gengxinshijian1",
      "unicode": "e631",
      "unicode_decimal": 58929
    },
    {
      "icon_id": "4815697",
      "name": "左",
      "font_class": "zuo",
      "unicode": "e65d",
      "unicode_decimal": 58973
    },
    {
      "icon_id": "4817706",
      "name": "对号",
      "font_class": "duihao-green",
      "unicode": "e607",
      "unicode_decimal": 58887
    },
    {
      "icon_id": "5758827",
      "name": "二维码",
      "font_class": "erweima",
      "unicode": "e63e",
      "unicode_decimal": 58942
    },
    {
      "icon_id": "6463205",
      "name": "我 的",
      "font_class": "wode",
      "unicode": "e600",
      "unicode_decimal": 58880
    },
    {
      "icon_id": "6716300",
      "name": "登录",
      "font_class": "denglu1",
      "unicode": "e74a",
      "unicode_decimal": 59210
    },
    {
      "icon_id": "7321891",
      "name": "信封",
      "font_class": "gen",
      "unicode": "e614",
      "unicode_decimal": 58900
    },
    {
      "icon_id": "7465397",
      "name": "泡泡",
      "font_class": "paopao",
      "unicode": "e622",
      "unicode_decimal": 58914
    },
    {
      "icon_id": "7466130",
      "name": "泡泡",
      "font_class": "paopao1",
      "unicode": "e635",
      "unicode_decimal": 58933
    },
    {
      "icon_id": "7845783",
      "name": "左",
      "font_class": "zuo1",
      "unicode": "e612",
      "unicode_decimal": 58898
    },
    {
      "icon_id": "8448540",
      "name": "搜索",
      "font_class": "ziyuan",
      "unicode": "e624",
      "unicode_decimal": 58916
    },
    {
      "icon_id": "8584347",
      "name": "右",
      "font_class": "kuaizhuang",
      "unicode": "e641",
      "unicode_decimal": 58945
    },
    {
      "icon_id": "8924807",
      "name": "右",
      "font_class": "qianjin",
      "unicode": "e661",
      "unicode_decimal": 58977
    },
    {
      "icon_id": "9722152",
      "name": "我 的",
      "font_class": "sself",
      "unicode": "e601",
      "unicode_decimal": 58881
    },
    {
      "icon_id": "9882386",
      "name": "搜索-蓝色",
      "font_class": "sousuo-lanse",
      "unicode": "e80f",
      "unicode_decimal": 59407
    },
    {
      "icon_id": "9984909",
      "name": "显示器",
      "font_class": "xianshiqi1",
      "unicode": "e7a2",
      "unicode_decimal": 59298
    },
    {
      "icon_id": "10354023",
      "name": "搜索--1",
      "font_class": "search-copy",
      "unicode": "e602",
      "unicode_decimal": 58882
    },
    {
      "icon_id": "10393199",
      "name": "手机",
      "font_class": "shouji",
      "unicode": "e609",
      "unicode_decimal": 58889
    }
  ]
}
